N,P,K,pH,temperature,humidity,rainfall,crop_label
107.8,31.4,31.0,5.62,28.1,75.3,275.2,Rice
78.9,47.7,45.1,5.83,28.4,85.2,178.6,Rice
68.3,38.5,56.3,5.82,25.5,84.9,151.0,Rice
72.1,33.4,49.5,6.4,26.4,86.9,191.2,Rice
100.8,82.0,104.7,6.38,27.0,85.0,118.0,Banana
29.6,28.4,78.1,6.12,28.6,77.7,155.5,Coconut
104.9,77.0,127.5,7.26,26.3,100.0,111.8,Banana
86.3,37.6,55.2,6.76,27.2,55.0,84.3,Maize
43.3,48.5,34.3,6.43,32.2,65.9,92.3,Groundnut
73.8,41.8,27.4,6.9,21.1,46.7,45.1,Wheat
121.8,57.4,85.6,6.36,26.2,66.5,109.3,Banana
60.1,46.0,18.8,6.46,25.4,59.2,38.3,Wheat
81.3,40.6,48.7,5.35,22.8,89.9,181.9,Rice
82.6,32.9,38.6,5.83,28.5,84.4,225.4,Rice
22.0,3.5,23.3,6.73,29.5,42.9,19.8,Millet
50.3,35.0,42.9,6.34,23.8,42.8,55.5,Wheat
116.4,40.3,82.2,6.51,20.5,75.7,79.8,Banana
104.7,36.8,91.9,6.09,27.2,78.6,208.1,Sugarcane
60.7,22.2,38.9,6.94,30.1,70.2,60.4,Cotton
25.0,6.6,8.6,6.56,30.0,38.5,30.5,Millet
35.0,65.4,34.7,6.4,22.3,51.2,83.5,Wheat
17.1,20.6,14.2,7.46,30.2,72.7,54.2,Millet
63.0,28.4,31.8,6.53,22.6,69.4,92.8,Maize
110.7,54.2,76.5,6.51,27.5,68.4,175.6,Sugarcane
77.7,51.4,48.2,6.94,28.7,60.0,106.1,Maize
64.1,33.6,31.4,6.1,29.5,54.9,57.6,Maize
132.1,70.5,71.7,6.41,30.4,80.1,169.3,Sugarcane
109.0,88.0,101.4,5.41,24.4,70.8,89.2,Banana
27.3,29.5,22.6,6.75,28.1,47.8,7.5,Millet
61.9,47.8,24.2,6.95,23.9,49.8,53.2,Wheat
35.9,27.3,25.5,6.37,32.2,64.0,0.0,Millet
48.3,39.3,28.7,7.06,14.8,59.8,76.9,Wheat
123.1,48.5,73.2,6.71,26.6,65.4,216.2,Sugarcane
60.2,37.0,21.4,6.7,25.5,68.1,66.5,Maize
18.4,27.4,34.5,5.87,29.9,48.6,31.7,Millet
94.6,78.5,31.7,5.67,24.7,77.5,217.9,Rice
19.5,73.2,19.2,6.81,25.1,58.9,48.8,Groundnut
57.0,42.0,77.3,5.6,28.4,73.1,124.2,Coconut
120.5,46.1,97.9,6.45,28.7,83.3,166.8,Sugarcane
77.8,20.6,42.2,6.68,22.1,57.6,71.8,Maize
89.5,67.3,70.4,7.36,30.3,74.9,154.5,Sugarcane
106.6,70.6,90.3,7.14,26.3,72.6,178.4,Sugarcane
73.0,30.3,37.8,6.79,26.3,79.1,187.7,Rice
33.6,13.1,21.9,7.47,33.2,60.6,39.7,Millet
40.3,72.1,28.2,6.38,28.3,52.2,60.4,Groundnut
61.5,33.8,39.4,5.66,27.0,87.5,241.9,Rice
79.9,42.2,33.1,6.05,26.1,72.2,61.4,Maize
143.2,49.4,87.4,6.41,30.0,68.2,103.2,Sugarcane
88.6,27.9,23.2,6.81,31.3,52.3,88.5,Cotton
160.8,72.9,37.4,6.51,30.8,75.9,130.1,Sugarcane
66.5,62.1,102.3,6.19,27.0,66.7,135.3,Banana
88.4,65.0,93.8,6.31,30.4,64.3,239.3,Sugarcane
41.6,40.0,86.9,6.07,24.4,82.4,134.8,Coconut
57.8,50.2,24.3,6.99,23.3,68.1,72.8,Wheat
58.1,34.8,54.8,5.89,32.0,59.9,53.5,Maize
85.4,63.1,40.2,5.33,27.5,79.4,205.1,Rice
5.0,51.3,21.6,6.69,28.1,73.1,79.3,Groundnut
62.6,24.9,25.3,7.78,35.7,47.4,40.3,Cotton
12.6,24.5,14.1,6.61,32.2,49.2,8.8,Millet
66.6,48.3,33.9,6.17,21.5,64.0,59.2,Wheat
85.3,63.0,93.8,6.67,24.9,77.8,113.2,Banana
69.5,39.5,28.5,6.21,30.1,51.1,67.1,Cotton
29.0,75.8,36.1,6.21,30.7,66.8,65.7,Groundnut
84.4,35.3,22.9,6.23,25.7,83.4,271.9,Rice
113.7,67.9,92.5,6.31,27.2,63.8,158.0,Sugarcane
127.2,81.0,88.3,5.92,26.1,78.9,106.0,Banana
51.2,41.4,73.7,5.67,25.9,67.4,174.0,Coconut
124.9,62.8,101.0,6.56,32.2,85.2,108.6,Banana
30.8,42.8,28.3,6.3,28.9,67.0,92.2,Groundnut
80.5,35.6,36.6,6.67,23.1,69.6,97.6,Maize
42.2,55.6,28.1,5.74,23.3,56.8,6.5,Wheat
159.0,70.1,79.9,6.77,25.5,75.7,161.6,Sugarcane
100.7,48.4,85.2,6.01,31.8,78.5,299.5,Sugarcane
47.7,48.6,84.5,6.77,28.0,75.7,169.2,Coconut
95.4,83.1,114.9,6.93,27.3,62.5,123.2,Banana
28.1,50.5,30.5,6.36,30.2,50.6,23.9,Groundnut
71.0,46.3,39.9,5.95,21.6,82.9,177.8,Rice
86.9,49.2,30.7,6.71,29.4,73.2,93.8,Maize
15.3,22.1,19.7,6.41,30.0,48.9,38.4,Millet
95.5,26.2,39.8,5.74,30.1,79.8,196.7,Rice
58.6,43.4,60.9,6.55,27.7,86.9,172.0,Rice
73.7,49.2,34.0,5.94,27.1,79.2,237.0,Rice
55.0,45.4,36.5,6.21,22.9,56.9,32.5,Wheat
13.5,41.0,42.5,6.58,31.8,64.0,82.5,Groundnut
102.8,42.3,46.1,6.2,27.7,87.3,251.1,Rice
93.7,19.7,43.4,5.66,24.5,89.8,260.1,Rice
123.9,76.2,94.5,6.58,33.6,88.4,124.1,Banana
68.5,36.1,82.2,5.54,27.5,83.0,170.7,Coconut
96.0,43.1,33.2,6.64,20.5,68.9,87.4,Maize
23.5,44.4,20.6,6.68,24.8,68.9,74.2,Groundnut
57.6,38.2,22.7,7.03,34.9,46.9,74.1,Cotton
33.0,34.1,30.1,6.13,27.3,72.9,64.3,Groundnut
27.8,71.5,31.4,6.47,25.6,61.4,40.3,Groundnut
113.4,104.9,124.4,5.81,30.8,73.9,93.4,Banana
52.9,42.7,80.1,5.98,29.6,87.5,137.4,Coconut
62.1,46.5,44.0,5.64,23.9,83.0,228.4,Rice
44.5,36.7,23.9,6.64,29.3,53.3,65.6,Groundnut
28.4,58.3,43.7,7.22,23.3,57.2,95.5,Groundnut
64.4,34.8,43.5,7.01,31.2,55.4,107.0,Cotton
124.1,70.2,97.2,7.15,28.7,71.2,124.0,Sugarcane
41.5,33.0,39.5,6.03,25.8,49.1,60.5,Wheat
103.7,100.1,71.5,6.18,27.3,77.1,124.1,Banana
83.0,24.9,34.4,6.35,22.4,73.7,177.4,Rice
55.6,20.3,40.8,7.05,28.1,65.0,62.9,Cotton
21.3,55.5,38.7,6.11,30.3,66.7,66.4,Groundnut
64.9,39.1,25.8,6.71,18.8,54.5,76.5,Wheat
19.2,20.6,24.3,6.22,25.3,54.4,26.3,Millet
53.0,33.5,92.4,5.88,30.1,83.4,135.5,Coconut
10.4,16.6,17.5,6.75,27.3,52.1,35.7,Millet
54.7,81.5,105.3,6.49,32.3,84.7,132.1,Banana
78.9,32.3,42.2,6.2,24.5,83.3,172.9,Rice
65.7,34.9,22.4,6.4,28.5,69.9,44.9,Maize
95.1,37.6,40.1,5.61,28.0,86.4,272.0,Rice
32.3,41.6,26.9,6.72,25.8,64.1,55.8,Groundnut
74.9,57.8,31.4,6.56,26.8,64.1,46.7,Wheat
26.8,17.2,18.0,7.06,27.2,49.2,56.8,Millet
68.7,39.6,23.6,7.47,28.9,46.9,93.2,Cotton
47.7,37.9,84.2,5.68,26.8,78.8,146.0,Coconut
60.6,26.3,42.4,6.7,27.4,64.6,130.3,Maize
88.1,48.7,93.6,7.11,29.6,74.1,103.5,Banana
74.3,43.2,26.8,6.88,19.4,51.4,61.5,Wheat
118.6,73.0,85.2,5.69,26.0,69.5,207.3,Sugarcane
79.8,41.2,43.8,5.89,25.8,62.6,79.0,Maize
53.1,29.2,21.6,6.76,35.1,61.3,71.8,Cotton
82.0,62.4,85.5,6.24,28.1,79.5,162.7,Banana
79.6,39.8,35.2,6.23,21.5,69.4,84.9,Maize
64.7,21.6,32.0,7.04,33.9,56.2,85.5,Cotton
58.8,27.4,24.1,6.03,24.0,78.9,256.0,Rice
34.5,51.9,65.8,6.38,28.6,78.7,154.9,Coconut
52.4,37.1,60.4,5.64,29.9,82.1,190.4,Coconut
49.0,25.2,19.4,6.72,33.6,44.9,30.1,Cotton
56.2,46.2,24.8,6.68,30.0,68.9,60.4,Maize
150.2,66.5,79.2,5.85,31.1,76.8,145.6,Sugarcane
29.3,40.1,32.1,6.81,24.5,51.9,51.4,Groundnut
61.3,31.8,33.4,6.59,16.8,48.8,44.2,Wheat
89.7,33.2,47.5,5.61,26.7,77.1,201.1,Rice
122.9,67.9,96.4,6.15,28.4,76.5,132.1,Sugarcane
20.0,59.6,19.1,5.72,25.5,58.9,58.0,Groundnut
62.9,17.3,40.6,6.69,26.2,58.2,89.9,Maize
95.3,60.5,67.3,6.62,28.9,88.5,101.1,Banana
18.0,7.5,10.9,7.28,27.4,47.2,47.2,Millet
88.7,52.6,82.8,6.6,31.0,72.2,130.1,Banana
32.6,22.8,23.6,6.66,23.9,46.6,33.8,Millet
79.6,70.1,77.3,6.23,26.4,70.1,148.7,Sugarcane
83.3,75.6,69.0,6.97,30.1,66.6,77.8,Banana
72.0,60.0,96.7,6.23,29.5,65.3,148.7,Banana
42.7,40.3,93.1,6.22,27.6,84.8,191.5,Coconut
29.0,31.5,56.5,6.75,29.6,82.8,151.2,Coconut
126.1,45.7,76.8,6.9,25.6,72.5,135.3,Sugarcane
57.8,17.0,15.5,6.59,29.9,66.0,54.6,Cotton
32.0,35.0,26.9,6.81,22.1,68.4,70.7,Maize
43.9,50.0,103.1,5.71,28.5,96.3,165.8,Coconut
17.8,29.1,29.8,6.49,27.0,49.0,72.7,Millet
14.9,22.7,31.3,6.62,33.2,36.4,34.0,Millet
67.5,34.7,47.8,6.77,26.6,63.2,54.2,Maize
13.3,21.3,18.0,6.88,29.4,51.3,66.0,Millet
88.7,95.5,103.6,7.13,26.2,89.1,83.8,Banana
60.6,46.5,26.0,6.75,37.5,60.7,59.4,Cotton
108.3,52.7,29.3,5.8,22.4,77.8,235.8,Rice
75.4,93.7,116.4,6.52,25.7,79.1,135.2,Banana
94.0,30.6,30.0,5.81,25.1,80.5,244.7,Rice
91.9,54.4,60.6,6.01,25.6,81.1,220.9,Rice
51.6,43.3,44.9,7.2,28.5,68.8,57.3,Maize
81.7,48.3,27.9,5.9,24.0,74.1,139.1,Rice
79.5,46.9,54.5,5.73,24.3,93.5,233.6,Rice
72.8,50.3,34.7,6.78,15.9,46.2,62.9,Wheat
57.8,41.7,35.3,6.61,24.5,76.6,273.9,Rice
64.4,33.1,29.3,6.65,30.3,71.5,96.7,Maize
23.2,10.2,12.8,7.29,26.5,37.1,34.3,Millet
109.7,21.5,26.6,6.17,29.1,61.7,63.6,Maize
38.0,41.2,39.3,6.84,25.6,43.9,88.7,Maize
108.8,64.6,63.8,6.48,24.8,78.5,186.6,Sugarcane
18.4,20.8,19.4,6.76,31.8,49.2,30.1,Millet
56.9,24.3,105.2,6.18,25.4,71.8,147.4,Coconut
83.2,81.1,121.9,6.15,24.1,82.9,129.9,Banana
69.4,59.3,28.8,6.39,20.7,50.9,64.9,Wheat
143.9,66.6,99.7,6.38,27.6,77.5,132.2,Sugarcane
69.6,33.7,32.3,6.43,25.8,60.5,49.2,Maize
65.9,29.2,101.0,5.78,26.4,69.7,160.4,Coconut
63.7,53.2,28.3,6.81,22.0,40.3,49.2,Wheat
42.0,51.2,82.8,6.55,30.6,80.5,134.7,Banana
46.4,48.3,92.3,5.67,29.2,89.2,159.5,Coconut
63.9,36.6,68.5,5.7,29.3,82.4,175.9,Coconut
72.4,36.0,16.4,6.66,33.7,32.3,65.4,Cotton
88.9,47.4,39.6,7.22,22.9,50.0,94.6,Maize
72.8,45.7,45.2,6.11,23.9,81.1,225.7,Rice
51.8,21.4,29.9,7.26,28.2,54.2,40.7,Cotton
81.3,33.4,42.9,6.75,33.1,61.3,118.3,Maize
69.5,45.0,26.8,6.21,22.8,76.4,190.1,Rice
106.7,41.0,66.7,6.5,25.9,77.3,184.9,Sugarcane
6.4,27.2,12.4,6.6,26.5,54.7,27.0,Millet
22.8,18.8,16.5,6.57,23.5,52.0,20.5,Millet
26.6,55.7,18.2,5.85,28.1,65.7,59.3,Groundnut
62.3,53.2,23.9,5.91,21.3,53.8,35.7,Wheat
161.9,65.8,72.7,6.83,24.2,83.0,158.0,Sugarcane
26.6,17.0,12.0,7.17,32.3,69.5,27.3,Millet
56.4,35.9,55.2,6.59,25.9,80.0,86.5,Maize
88.2,108.5,116.3,6.88,29.1,77.6,135.8,Banana
65.5,47.0,70.6,5.47,28.7,67.5,151.3,Coconut
48.1,48.2,37.8,6.26,16.2,58.1,43.2,Wheat
64.2,34.2,37.7,6.73,30.5,56.1,115.8,Maize
19.6,23.8,19.4,6.25,30.6,54.3,48.2,Millet
50.5,48.1,34.1,6.37,22.8,56.9,42.5,Wheat
51.2,30.7,47.1,6.12,25.4,83.0,252.7,Rice
44.8,44.4,15.8,6.2,22.1,51.4,51.5,Wheat
64.5,36.9,29.9,6.52,18.1,52.9,70.2,Wheat
63.9,47.8,92.3,5.64,27.0,87.5,162.6,Coconut
13.3,16.6,27.3,7.22,28.2,42.0,51.1,Millet
61.1,28.8,36.9,6.77,26.7,58.1,54.8,Maize
103.2,92.7,60.7,6.17,30.5,89.1,160.6,Banana
43.0,45.6,22.4,6.07,25.7,64.0,122.5,Maize
46.4,53.0,19.0,5.79,25.3,88.6,115.1,Maize
17.6,25.6,106.2,6.0,30.5,87.7,120.6,Coconut
9.6,13.2,22.7,6.44,28.9,50.8,34.1,Millet
115.0,75.5,88.2,6.66,29.8,81.3,199.4,Sugarcane
129.9,62.7,93.1,6.69,27.7,81.6,204.2,Sugarcane
54.7,51.1,72.4,7.01,26.3,72.4,197.8,Coconut
94.0,15.0,50.5,6.33,22.0,62.8,82.0,Maize
51.7,31.4,27.2,7.14,26.3,52.3,52.4,Cotton
75.2,45.9,26.2,5.66,27.0,80.2,141.4,Rice
7.9,16.3,20.8,7.01,27.3,43.9,23.6,Millet
0.0,22.5,10.1,6.44,30.9,40.4,37.6,Millet
45.3,57.3,20.6,6.14,17.6,39.7,43.3,Wheat
63.3,40.0,29.6,6.99,26.9,54.6,65.6,Cotton
63.3,55.4,87.4,5.88,30.6,79.8,122.9,Coconut
54.0,37.9,25.1,6.65,21.6,60.0,18.2,Wheat
15.2,54.2,38.3,6.68,25.7,51.5,55.0,Groundnut
52.6,43.9,104.8,5.79,26.9,89.6,188.0,Coconut
27.9,66.4,9.3,6.46,25.0,59.3,67.2,Groundnut
125.4,81.7,134.1,6.63,26.8,76.6,65.1,Banana
23.6,51.7,35.9,6.13,33.6,52.6,86.1,Groundnut
57.9,47.8,23.1,6.9,18.0,67.5,71.0,Wheat
103.5,46.9,103.9,6.17,24.4,73.8,164.3,Banana
57.5,51.8,92.9,6.77,30.8,76.7,147.1,Banana
138.0,61.2,61.6,6.12,30.0,76.9,174.1,Sugarcane
89.8,72.9,96.1,6.55,30.0,86.0,156.9,Sugarcane
81.4,32.8,61.9,6.1,26.9,79.9,136.6,Rice
75.6,67.2,46.3,6.45,27.2,85.1,197.4,Rice
24.8,16.8,5.1,7.22,29.4,34.2,53.3,Millet
72.1,30.1,18.6,6.47,29.1,54.4,68.0,Maize
53.6,28.6,37.9,5.45,26.4,82.1,209.7,Rice
133.6,54.1,71.1,6.47,30.3,83.8,204.2,Sugarcane
58.5,23.8,34.9,6.81,26.0,57.9,65.6,Cotton
70.9,31.8,98.5,5.41,27.8,71.6,98.2,Coconut
16.0,59.4,22.8,5.41,29.4,59.8,30.8,Groundnut
68.6,46.8,96.1,6.18,22.8,81.7,115.7,Coconut
37.0,52.2,25.1,6.4,32.5,68.0,81.5,Groundnut
86.5,66.5,47.4,6.64,29.9,82.8,112.8,Sugarcane
100.3,47.6,36.0,6.3,25.2,74.6,257.6,Rice
99.6,35.1,39.7,5.81,22.4,84.5,181.6,Rice
58.5,30.8,86.2,6.41,28.1,74.4,145.9,Coconut
25.9,38.0,41.0,6.47,23.5,53.4,73.9,Maize
76.1,86.6,124.4,6.48,25.2,77.1,116.2,Banana
27.0,19.7,27.2,7.22,29.3,71.7,52.7,Millet
67.0,29.9,49.8,6.06,26.9,57.0,91.7,Maize
38.1,62.1,27.1,6.17,27.0,64.1,86.2,Groundnut
128.1,70.1,79.9,6.53,22.3,77.6,183.0,Sugarcane
78.3,29.5,25.4,6.5,24.5,57.8,88.4,Maize
34.5,48.0,34.6,6.05,32.1,57.9,22.4,Groundnut
32.7,37.9,28.3,7.0,37.6,47.1,46.6,Groundnut
73.0,58.5,14.3,5.94,19.1,65.9,0.0,Wheat
18.7,13.4,18.5,7.02,37.0,52.9,15.5,Millet
64.4,25.3,28.8,6.26,21.6,53.3,75.7,Wheat
45.8,16.2,88.5,6.8,27.5,92.3,134.7,Coconut
18.2,62.4,24.0,6.79,30.6,68.0,51.8,Groundnut
31.5,39.5,76.0,5.92,25.7,76.1,117.4,Coconut
67.8,42.8,40.8,5.96,31.2,70.0,67.4,Maize
103.1,21.3,45.0,6.22,20.9,89.0,172.8,Rice
74.1,28.0,51.8,5.01,26.2,82.8,159.9,Rice
64.1,44.8,33.2,6.08,24.1,85.1,112.0,Rice
22.4,46.9,24.7,6.94,24.8,70.5,43.9,Groundnut
33.9,48.1,37.6,5.97,29.3,63.3,63.4,Groundnut
76.1,43.2,32.5,6.24,27.4,79.1,113.2,Maize
51.3,44.9,23.7,7.26,21.8,58.8,49.3,Wheat
32.4,27.1,23.3,6.74,27.8,55.0,35.3,Millet
75.5,29.2,41.8,6.02,28.5,79.4,103.0,Rice
67.9,61.4,32.4,5.74,22.6,81.8,199.9,Rice
71.5,36.9,35.1,5.9,22.0,65.4,93.8,Maize
102.2,40.5,18.8,5.97,24.0,77.0,161.3,Rice
49.5,54.6,76.6,6.0,24.7,73.2,171.9,Coconut
120.6,53.1,87.3,6.3,26.4,84.0,195.2,Sugarcane
64.0,54.3,22.1,6.67,25.9,53.9,0.0,Wheat
60.0,36.6,31.3,6.12,22.4,62.1,35.6,Wheat
69.9,38.7,30.1,7.34,30.7,38.3,67.7,Cotton
15.9,17.7,26.5,6.84,30.7,54.0,21.1,Millet
99.4,36.6,39.7,7.07,22.6,56.0,102.6,Maize
76.5,32.9,41.2,5.68,28.8,95.2,201.9,Rice
50.8,19.3,26.1,6.87,30.8,41.2,69.1,Cotton
77.6,24.8,35.5,6.14,21.9,89.1,227.9,Rice
83.9,33.5,53.5,5.92,22.5,94.3,225.6,Rice
58.2,38.9,31.2,6.77,23.2,65.7,84.8,Maize
23.1,23.2,13.2,7.03,32.3,56.8,28.2,Millet
17.2,24.5,17.7,7.04,35.8,44.4,14.4,Millet
70.0,80.9,102.7,7.28,31.1,77.0,110.0,Banana
65.0,37.8,35.5,6.66,23.1,72.7,99.7,Maize
36.1,31.6,18.6,6.95,27.4,77.4,43.8,Groundnut
69.8,20.4,34.3,6.53,25.5,53.8,26.9,Cotton
86.9,87.8,83.3,6.95,28.2,76.0,94.5,Banana
75.1,53.7,30.1,6.34,14.8,64.9,7.3,Wheat
18.6,24.6,12.3,5.93,31.9,64.5,42.4,Millet
114.3,79.6,101.9,6.07,32.4,78.0,92.8,Banana
97.5,74.1,64.9,6.78,29.5,83.5,262.4,Sugarcane
97.1,35.6,51.8,5.25,24.3,85.3,187.2,Rice
17.6,18.2,14.2,6.98,27.0,66.3,14.9,Millet
17.1,60.9,33.7,5.74,29.5,38.4,37.9,Groundnut
56.8,25.1,25.5,6.56,30.4,66.7,102.1,Maize
118.0,43.7,66.3,5.33,28.9,66.9,173.0,Sugarcane
88.1,46.6,38.0,5.52,28.0,85.5,286.5,Rice
84.2,24.3,34.3,6.52,26.7,73.0,47.2,Maize
25.6,43.3,25.1,6.5,23.2,52.0,17.0,Groundnut
111.4,59.3,94.2,6.75,25.1,65.2,204.3,Sugarcane
85.4,42.2,34.0,5.34,22.7,77.4,217.0,Rice
51.7,69.9,32.5,5.62,22.7,61.9,102.0,Wheat
122.1,82.6,98.8,6.92,31.0,76.5,133.2,Banana
133.4,66.5,93.3,6.2,26.2,88.1,195.0,Banana
30.6,49.4,44.6,6.44,31.4,73.7,65.2,Groundnut
64.9,34.0,48.7,6.6,25.9,62.5,56.3,Maize
26.7,36.3,15.6,5.96,19.2,59.0,64.7,Groundnut
97.8,85.1,121.4,6.97,23.7,73.9,95.6,Banana
43.8,49.2,35.2,6.73,19.5,53.4,37.9,Wheat
33.0,18.6,23.3,5.86,27.1,37.2,36.8,Millet
19.0,42.3,22.5,5.5,32.9,66.5,42.7,Groundnut
104.2,75.0,69.8,6.55,30.2,76.5,110.6,Banana
37.8,40.6,18.7,7.17,33.4,68.7,59.3,Cotton
47.7,23.9,28.4,6.91,32.7,48.8,119.1,Cotton
21.6,55.5,27.6,6.84,25.6,72.2,44.1,Groundnut
46.6,34.5,50.9,6.01,25.0,80.9,136.5,Coconut
7.6,21.3,11.6,7.55,33.2,68.1,27.0,Millet
59.7,39.6,42.6,6.22,25.6,80.2,148.4,Coconut
50.0,45.7,15.4,6.88,22.5,52.1,54.8,Wheat
78.9,38.3,22.5,6.38,23.3,65.3,54.6,Maize
50.2,56.9,13.4,5.89,22.7,51.9,91.3,Wheat
91.5,44.7,34.1,5.59,22.5,82.9,229.9,Rice
19.6,47.2,29.2,6.57,23.2,57.6,33.6,Groundnut
63.4,33.5,72.5,6.3,22.9,86.8,197.0,Coconut
42.7,51.3,103.6,5.55,25.9,79.6,146.3,Coconut
69.2,44.3,40.9,6.86,25.0,81.7,95.6,Maize
84.6,35.8,20.3,7.17,21.1,65.8,35.3,Wheat
23.8,21.7,23.3,6.67,34.3,42.7,29.6,Millet
80.8,37.3,12.6,6.85,34.6,53.7,66.9,Cotton
51.9,60.0,131.0,6.89,28.3,94.5,140.8,Banana
82.0,29.6,28.2,6.92,29.2,74.9,59.5,Maize
74.3,47.3,27.0,6.26,18.0,51.5,53.8,Wheat
41.0,43.4,85.5,5.31,25.7,81.9,173.1,Coconut
50.1,40.5,21.1,6.73,21.6,49.0,33.2,Wheat
55.5,73.2,101.5,6.44,32.2,95.2,84.5,Banana
68.3,55.1,19.9,5.9,20.8,68.0,55.9,Wheat
65.4,27.9,39.5,6.86,30.6,57.4,61.2,Cotton
80.4,87.1,117.1,6.15,28.9,83.9,101.4,Banana
87.6,57.2,32.1,6.18,15.1,54.1,80.7,Wheat
158.5,66.0,100.0,6.53,29.6,74.5,97.0,Banana
24.5,52.3,26.5,5.59,29.0,62.9,79.4,Groundnut
29.8,16.7,8.5,5.89,33.6,59.1,27.8,Millet
52.1,36.7,36.2,6.98,32.9,56.9,67.0,Cotton
32.0,49.1,34.3,6.15,29.3,42.6,79.1,Groundnut
50.2,46.8,31.9,5.64,27.5,80.6,230.4,Rice
87.8,48.1,34.9,5.82,23.8,88.0,259.1,Rice
53.9,29.8,40.0,6.98,24.4,67.9,58.8,Maize
16.4,17.3,16.9,6.74,30.7,58.6,42.5,Millet
49.3,26.0,28.5,6.67,28.2,68.1,107.3,Maize
67.2,53.4,26.7,6.73,19.6,66.4,60.3,Wheat
55.2,43.5,40.4,6.84,18.7,51.9,53.7,Wheat
75.5,27.5,34.9,5.66,22.0,75.6,196.0,Rice
124.0,63.6,71.2,6.71,25.6,84.0,164.1,Sugarcane
87.1,27.6,47.2,6.91,21.6,87.2,225.9,Rice
63.2,43.8,26.8,6.66,23.9,51.9,31.4,Wheat
77.5,26.3,34.2,6.89,30.6,57.6,118.0,Maize
144.1,62.4,91.1,6.78,21.0,66.5,178.1,Sugarcane
69.2,55.7,33.9,6.68,20.2,69.4,63.4,Wheat
56.0,28.3,20.5,7.28,29.4,54.8,70.9,Cotton
87.5,42.5,31.7,5.97,26.5,77.4,214.7,Rice
22.9,18.6,21.2,6.55,27.2,52.1,22.8,Millet
73.8,30.2,18.9,6.67,27.7,72.8,52.7,Maize
52.9,25.9,28.2,6.21,31.9,52.4,59.8,Cotton
57.2,24.8,38.3,6.86,17.5,63.6,42.8,Wheat
59.9,59.1,36.1,6.09,24.2,50.0,128.9,Maize
104.4,93.9,104.0,6.69,26.6,68.1,65.9,Banana
54.8,32.5,76.0,6.01,24.1,86.3,119.3,Coconut
17.9,58.0,74.1,5.77,28.9,77.5,163.8,Coconut
25.6,44.0,41.1,6.54,25.4,56.9,56.8,Groundnut
112.9,44.6,53.7,5.12,24.6,91.0,217.5,Rice
108.1,49.5,92.8,6.18,25.8,71.4,92.0,Sugarcane
52.3,40.3,90.4,5.86,29.7,79.1,202.1,Coconut
51.3,71.5,109.6,6.42,25.3,86.8,130.9,Banana
54.1,37.7,92.9,5.78,26.9,80.3,174.1,Coconut
81.5,32.1,31.0,6.33,24.3,81.8,208.3,Rice
58.2,38.9,111.0,5.75,32.3,91.7,120.1,Coconut
22.2,45.7,34.2,6.67,25.8,59.8,58.8,Groundnut
82.9,46.3,33.2,6.29,22.3,74.8,105.6,Maize
68.7,43.3,31.5,6.0,29.4,54.9,95.0,Maize
51.0,30.2,65.0,6.98,23.4,84.8,160.8,Coconut
70.3,40.8,32.3,6.3,27.2,87.3,142.8,Rice
103.5,25.3,51.6,6.31,23.2,69.4,91.6,Maize
81.0,46.6,19.6,5.83,23.0,79.3,133.3,Rice
40.3,28.1,23.9,5.81,23.8,66.4,125.2,Maize
44.9,45.2,24.2,6.65,19.1,61.4,64.9,Wheat
75.7,10.6,20.8,6.74,27.7,54.0,101.2,Maize
83.9,43.6,27.0,6.42,26.0,88.9,193.1,Rice
83.7,78.6,73.3,7.14,24.4,85.3,112.7,Banana
50.7,38.5,66.4,6.02,23.4,79.2,152.3,Coconut
154.0,65.8,101.8,5.92,32.3,64.7,219.9,Sugarcane
103.2,20.5,40.7,6.1,25.9,91.2,263.0,Rice
15.5,22.2,16.1,6.62,27.4,42.0,21.8,Millet
22.1,40.1,34.3,5.78,26.2,70.4,61.6,Groundnut
71.0,37.4,46.2,7.23,25.1,81.6,262.6,Rice
62.6,46.8,26.3,6.67,29.4,54.2,98.9,Wheat
25.4,58.9,41.9,7.24,23.9,49.2,77.9,Groundnut
18.4,22.3,17.2,6.59,24.4,51.3,11.0,Millet
140.7,50.9,71.4,6.77,23.2,71.0,217.8,Sugarcane
67.7,27.5,112.0,6.44,25.8,77.7,216.4,Coconut
27.8,40.3,33.8,6.09,31.7,64.4,86.8,Groundnut
44.5,36.5,25.6,6.71,14.8,53.2,62.2,Wheat
83.4,37.9,43.8,6.03,21.3,86.1,267.4,Rice
14.7,53.2,34.5,5.97,25.5,52.6,73.4,Groundnut
103.7,58.7,52.8,5.96,23.5,84.5,145.6,Rice
70.9,37.8,27.4,7.3,28.9,61.1,29.6,Cotton
47.2,44.2,29.3,6.42,17.9,52.6,48.1,Wheat
78.7,41.4,71.5,6.55,29.9,82.9,169.5,Sugarcane
103.5,23.9,49.6,6.23,24.3,80.2,173.9,Rice
122.7,54.5,72.3,6.69,28.4,58.3,243.2,Sugarcane
107.1,63.5,76.7,6.42,27.3,79.3,130.1,Sugarcane
29.8,42.9,25.2,6.61,26.7,67.6,65.8,Groundnut
91.7,33.1,46.7,5.8,23.5,85.2,235.3,Rice
69.2,34.4,30.7,6.45,32.9,50.2,101.4,Cotton
23.0,62.3,41.8,6.82,27.5,66.4,80.0,Groundnut
33.8,46.2,29.9,6.49,27.5,64.1,57.4,Groundnut
26.2,42.0,25.4,5.89,20.9,55.7,47.8,Groundnut
101.2,61.3,73.1,6.88,30.8,71.9,174.2,Sugarcane
64.1,55.9,37.3,6.25,25.8,79.6,216.0,Rice
40.6,54.6,74.4,5.66,29.7,65.8,105.5,Coconut
5.7,24.0,21.0,6.85,30.4,64.9,41.4,Millet
106.9,53.0,77.2,6.73,27.8,89.0,204.7,Sugarcane
27.2,16.4,17.5,7.05,25.0,32.1,29.6,Millet
28.4,50.4,14.2,5.94,27.2,69.5,28.3,Groundnut
82.6,48.6,42.4,6.59,28.3,83.0,234.9,Rice
100.3,55.8,76.7,6.6,24.7,80.4,181.2,Sugarcane
83.9,44.4,41.2,6.16,20.8,79.2,242.0,Rice
108.0,49.2,73.7,6.71,23.5,64.3,203.5,Sugarcane
67.4,45.2,39.8,5.76,25.0,83.1,213.7,Rice
21.5,27.5,20.2,6.35,31.9,51.4,27.0,Millet
53.6,18.1,39.3,6.56,31.9,64.0,37.9,Cotton
54.8,30.3,18.5,5.99,22.2,56.9,53.8,Wheat
80.4,65.4,84.6,6.39,28.3,86.8,138.5,Banana
17.7,43.6,26.2,7.02,30.4,39.8,64.0,Millet
71.8,42.8,29.9,6.66,28.2,85.1,247.8,Rice
52.4,42.6,24.4,6.84,28.3,55.5,32.5,Cotton
18.1,14.3,15.6,6.03,28.9,72.7,7.4,Millet
73.9,29.0,17.7,6.58,26.2,62.8,18.9,Cotton
66.2,33.7,77.1,6.74,27.5,83.6,148.0,Coconut
133.4,92.1,110.7,6.47,27.8,74.5,83.3,Banana
45.6,58.0,66.2,6.17,29.2,76.7,166.7,Coconut
85.8,33.6,28.6,6.28,24.7,67.6,82.4,Maize
74.2,45.6,54.8,6.76,27.3,79.4,214.1,Rice
65.4,32.4,19.4,6.95,23.7,55.5,117.0,Maize
57.3,42.8,21.9,6.65,22.1,55.6,66.4,Wheat
34.1,33.3,80.5,6.27,26.9,74.4,141.4,Coconut
119.6,43.7,63.9,6.41,29.5,88.3,195.0,Sugarcane
47.9,33.3,57.6,5.66,28.9,70.9,91.2,Coconut
33.2,42.1,38.0,6.05,24.8,58.0,59.5,Groundnut
41.8,32.4,89.2,6.15,28.8,89.6,136.3,Coconut
54.8,30.1,20.4,6.52,28.0,40.8,99.4,Cotton
98.2,52.9,101.6,6.08,29.6,66.9,119.3,Sugarcane
16.1,10.9,8.8,7.02,32.0,61.1,27.5,Millet
15.8,16.9,20.6,7.44,35.3,36.6,65.8,Millet
51.4,59.5,17.2,6.45,20.9,48.8,33.2,Wheat
17.6,30.5,30.9,5.86,31.2,58.9,34.5,Millet
66.4,37.5,43.2,5.79,26.0,78.9,182.1,Rice
56.7,26.6,25.9,7.39,33.4,57.6,20.8,Cotton
83.0,46.8,21.7,5.76,30.5,68.4,38.1,Wheat
61.8,38.1,27.1,6.27,17.9,62.9,59.7,Wheat
4.6,17.6,17.6,7.06,33.4,44.7,32.6,Millet
77.7,41.4,29.0,6.15,26.1,63.4,80.6,Maize
72.2,33.5,34.7,5.52,26.0,78.2,198.1,Rice
77.2,51.4,55.3,5.98,23.9,79.8,253.2,Rice
8.8,18.9,16.8,6.63,26.9,54.2,18.8,Millet
63.5,27.3,41.7,5.92,26.5,61.1,75.0,Maize
76.7,36.8,49.9,6.98,23.7,58.4,58.5,Maize
55.4,38.8,31.4,6.78,26.2,68.0,89.7,Maize
69.7,45.4,30.3,6.86,28.0,86.0,88.3,Maize
109.5,69.8,95.9,6.28,27.2,85.9,202.3,Sugarcane
78.4,41.4,22.6,5.46,24.8,71.3,91.4,Maize
83.6,51.6,48.3,5.72,25.6,94.8,210.0,Rice
22.4,51.2,29.4,6.27,20.7,52.8,45.8,Groundnut
60.4,31.7,16.3,6.78,28.0,58.6,71.2,Maize
49.0,47.6,22.9,6.44,19.4,55.6,40.7,Wheat
134.1,71.4,71.0,6.31,25.1,72.0,111.0,Sugarcane
15.9,39.9,22.2,6.04,25.6,64.9,61.9,Groundnut
86.6,44.8,28.4,6.57,20.3,55.7,37.2,Wheat
61.5,29.9,43.4,6.91,25.0,41.1,72.3,Cotton
109.5,65.0,74.8,6.58,21.5,67.5,174.3,Sugarcane
67.2,53.6,28.4,6.77,23.6,53.1,23.6,Wheat
30.0,20.5,30.5,6.2,31.6,52.5,45.3,Millet
5.8,21.5,7.7,5.92,34.5,24.7,17.4,Millet
40.9,27.7,101.5,5.67,25.6,85.2,196.0,Coconut
98.9,63.1,83.3,6.37,27.9,61.5,90.8,Sugarcane
12.5,49.8,21.5,6.1,30.7,69.7,53.6,Groundnut
134.3,66.2,82.4,6.48,28.3,63.9,179.0,Sugarcane
140.1,68.4,75.5,6.11,24.2,76.7,270.8,Sugarcane
98.4,53.6,66.0,6.84,26.8,76.9,197.7,Sugarcane
24.6,18.9,17.9,6.18,33.5,55.1,23.1,Millet
69.4,43.6,22.9,7.15,16.9,54.5,57.2,Wheat
13.0,21.3,31.9,7.01,34.6,55.7,26.6,Millet
11.1,34.3,24.0,5.86,26.6,55.1,75.2,Groundnut
37.8,42.6,30.3,6.24,28.2,61.5,38.2,Groundnut
144.4,66.6,66.6,7.09,23.8,79.7,168.2,Sugarcane
98.6,58.3,88.2,6.28,27.3,80.6,156.8,Banana
37.9,31.0,84.9,5.71,29.0,92.4,116.2,Coconut
86.1,29.9,42.3,6.6,28.2,47.0,27.5,Maize
16.3,7.5,20.4,6.65,26.8,54.3,35.8,Millet
40.7,35.3,61.5,5.69,22.2,79.8,182.2,Rice
68.6,92.3,77.1,5.93,25.2,78.9,149.9,Banana
116.9,29.8,52.8,5.87,25.8,91.0,172.4,Rice
22.4,15.1,27.2,6.89,30.6,51.5,38.5,Millet
46.6,43.2,36.6,6.87,19.8,34.0,24.1,Wheat
77.1,37.5,43.3,6.48,24.9,78.9,269.4,Rice
13.9,16.0,12.5,6.42,26.2,28.7,3.4,Millet
87.7,48.5,34.2,5.77,25.9,80.9,201.1,Rice
43.8,36.0,124.0,5.77,26.1,66.3,131.5,Coconut
127.8,99.3,106.4,6.38,28.6,66.5,59.2,Banana
115.8,30.0,66.8,6.75,28.1,74.0,165.5,Sugarcane
130.1,44.0,107.3,7.01,25.4,84.8,175.8,Sugarcane
73.0,47.9,51.0,6.01,24.9,82.6,208.8,Rice
17.3,15.7,27.6,7.32,25.0,36.3,51.3,Millet
56.6,68.1,29.0,6.72,23.1,39.9,45.4,Wheat
78.3,42.1,42.4,6.03,24.5,83.4,226.0,Rice
34.3,47.8,29.9,5.76,28.9,56.0,45.0,Groundnut
21.6,14.4,21.5,6.7,33.0,50.8,49.7,Millet
58.2,25.6,27.6,7.1,32.1,60.7,63.4,Cotton
19.7,16.8,22.9,5.85,31.3,44.7,58.0,Millet
121.6,56.7,101.7,6.31,24.6,67.7,155.5,Banana
46.8,47.2,80.9,5.71,26.4,75.3,175.5,Coconut
139.9,70.3,80.8,6.62,31.5,63.2,170.4,Sugarcane
90.5,21.4,39.9,6.79,32.2,69.1,44.3,Cotton
43.0,53.9,22.2,6.45,29.3,67.6,55.8,Groundnut
90.6,31.8,28.4,6.67,24.9,69.3,30.9,Maize
71.6,44.1,40.2,5.91,25.3,78.5,211.2,Rice
142.6,56.7,85.4,6.94,22.2,72.0,147.5,Sugarcane
79.3,37.7,12.9,7.3,21.4,84.4,91.6,Maize
46.5,35.8,42.7,7.05,27.0,65.7,32.5,Cotton
30.1,44.2,31.0,6.89,26.1,65.9,49.0,Groundnut
31.8,63.6,28.5,6.49,27.2,56.5,60.4,Groundnut
76.5,44.0,52.4,5.76,24.6,79.3,222.9,Rice
76.0,41.1,27.4,6.57,25.9,49.4,44.8,Wheat
81.0,39.2,31.8,5.39,28.8,85.2,205.3,Rice
86.9,41.7,30.6,6.7,24.3,76.7,107.0,Maize
124.5,54.5,75.8,7.46,26.6,73.4,176.7,Sugarcane
67.6,99.8,74.4,6.44,30.7,80.9,151.1,Banana
69.2,35.0,53.0,6.68,31.2,56.9,97.0,Maize
14.0,7.2,28.0,6.78,30.9,38.0,31.8,Millet
55.9,40.4,39.9,7.0,22.6,54.6,83.7,Wheat
80.1,92.5,130.7,6.35,29.9,88.2,106.2,Banana
23.9,54.1,39.5,5.86,28.2,68.9,47.0,Groundnut
80.1,32.3,17.9,6.85,31.5,53.7,74.0,Cotton
75.1,48.7,58.3,6.58,26.2,83.9,172.7,Rice
59.6,46.7,19.0,5.54,21.9,57.5,69.0,Wheat
85.4,35.1,41.0,6.04,19.7,82.4,198.4,Rice
120.9,38.6,100.9,6.76,27.2,70.9,125.6,Sugarcane
68.4,4.8,32.8,6.77,26.1,56.3,90.2,Maize
83.7,87.0,143.6,6.83,28.0,96.6,81.5,Banana
16.1,23.0,16.5,6.82,31.1,33.2,42.7,Millet
27.1,49.4,36.7,7.07,27.6,57.2,63.9,Groundnut
92.3,50.9,32.3,5.28,23.4,89.3,124.4,Rice
66.4,23.3,33.4,6.75,35.0,50.5,45.1,Cotton
13.8,17.5,21.1,6.45,27.4,41.8,39.8,Millet
22.9,36.0,20.3,6.7,23.3,62.3,28.4,Groundnut
70.1,27.4,35.2,7.1,24.4,59.5,51.6,Maize
34.5,66.7,24.6,7.02,28.9,51.6,87.8,Groundnut
19.5,2.1,20.1,7.25,31.1,63.8,57.0,Millet
70.7,43.9,20.5,6.48,20.7,46.7,18.9,Wheat
62.5,25.7,41.2,5.6,25.3,83.7,180.6,Rice
97.6,63.1,91.5,6.28,26.9,67.1,41.5,Banana
63.8,33.6,23.7,6.06,22.0,42.7,45.3,Wheat
58.5,41.3,22.3,6.36,20.9,62.1,84.1,Wheat
53.9,23.2,39.2,5.99,28.9,57.4,57.8,Cotton
65.1,42.0,30.4,6.09,25.0,79.4,201.5,Rice
79.5,56.3,55.5,5.18,25.2,83.4,173.9,Rice
17.4,25.7,15.3,7.19,31.0,41.7,16.4,Millet
124.0,65.0,91.6,6.67,23.9,73.8,178.1,Sugarcane
75.4,45.1,37.1,5.65,25.0,79.6,218.3,Rice
108.1,59.6,63.6,6.47,31.5,69.8,213.3,Sugarcane
50.2,34.1,64.3,5.93,26.9,73.1,156.8,Coconut
76.5,41.0,45.1,6.34,25.4,64.5,119.1,Maize
29.8,39.0,27.4,6.0,31.6,61.0,50.5,Groundnut
73.1,31.2,25.5,5.59,19.6,81.8,139.0,Rice
87.0,49.5,35.0,6.84,23.9,63.1,95.3,Maize
24.4,62.5,27.3,5.5,27.9,75.5,42.2,Groundnut
74.9,61.2,40.1,6.47,23.6,78.8,202.4,Rice
81.6,50.0,73.1,5.91,22.9,68.6,52.4,Banana
123.5,43.8,105.9,6.7,25.5,82.1,195.1,Sugarcane
57.5,17.5,12.4,7.71,31.4,67.5,69.0,Cotton
11.8,59.6,35.8,5.82,29.4,47.2,48.2,Groundnut
11.7,22.0,26.9,6.5,33.5,60.3,35.8,Millet
162.0,40.9,76.2,5.23,29.6,73.1,268.0,Sugarcane
101.1,26.8,50.8,6.31,31.0,72.4,52.8,Maize
74.3,41.0,33.1,6.81,30.1,65.7,72.4,Maize
110.8,58.6,59.2,5.94,24.5,68.8,216.9,Sugarcane
39.4,22.4,63.5,5.75,27.0,80.3,140.1,Coconut
84.5,46.3,29.4,6.15,22.2,77.9,255.2,Rice
88.8,30.2,46.5,6.33,25.3,81.8,269.1,Rice
56.0,36.1,35.9,6.74,29.2,49.0,59.8,Cotton
91.6,81.6,101.4,6.04,30.9,78.7,110.2,Banana
84.9,43.6,43.1,6.37,28.7,86.7,190.4,Rice
72.9,23.6,30.5,6.36,23.9,64.6,76.6,Maize
31.0,45.5,65.7,6.04,23.3,80.1,170.6,Coconut
55.9,34.1,19.3,6.19,23.8,87.3,243.1,Rice
19.1,25.2,11.8,6.33,34.3,43.3,57.5,Millet
26.8,21.2,21.2,7.09,32.2,68.0,17.4,Millet
127.7,53.3,65.5,6.08,28.8,76.3,196.5,Sugarcane
74.6,43.5,33.1,6.92,29.1,59.3,50.6,Maize
58.8,32.5,38.7,5.77,25.4,91.1,207.8,Rice
77.7,84.7,149.8,6.2,27.7,74.9,159.1,Banana
45.9,43.7,67.9,5.4,27.0,81.9,150.8,Coconut
105.4,77.4,108.0,6.56,27.9,77.9,95.3,Banana
10.8,14.7,20.6,7.09,33.7,65.9,37.0,Millet
72.1,48.3,31.7,6.78,20.0,50.3,23.7,Wheat
87.4,105.8,112.0,5.87,27.0,66.0,123.7,Banana
60.1,31.5,44.1,6.67,22.4,81.6,209.8,Rice
21.0,54.4,19.5,6.31,29.1,57.4,45.0,Groundnut
25.1,35.9,32.4,6.02,31.2,61.9,26.8,Groundnut
51.7,63.7,78.8,5.41,32.1,74.9,137.2,Coconut
113.5,69.1,99.4,6.97,25.7,83.5,216.5,Sugarcane
71.7,23.5,18.0,6.99,32.1,43.5,58.6,Cotton
81.8,42.7,109.1,5.97,24.8,88.2,48.6,Banana
20.6,42.5,30.7,5.94,26.6,62.7,45.2,Groundnut
53.1,47.4,26.7,6.63,23.2,75.0,97.4,Maize
130.2,52.0,82.5,6.4,28.0,68.4,238.9,Sugarcane
52.4,21.8,33.8,6.57,23.4,68.2,55.2,Wheat
49.6,23.5,25.7,7.39,29.8,48.0,61.1,Cotton
84.7,59.0,36.9,6.3,26.5,90.9,207.5,Rice
71.5,34.0,46.9,6.31,25.7,83.1,204.8,Rice
74.0,38.9,33.2,6.35,25.3,63.3,94.9,Maize
33.1,51.4,31.5,6.15,26.8,71.0,87.9,Groundnut
75.7,43.7,46.7,5.46,30.8,71.8,144.1,Coconut
67.2,34.8,94.6,5.41,24.2,80.8,77.7,Coconut
24.4,37.6,42.2,6.32,30.4,64.7,50.3,Groundnut
84.5,27.5,32.5,5.84,27.2,80.1,207.9,Rice
93.9,49.2,85.6,6.79,36.3,80.2,266.1,Sugarcane
68.8,35.2,32.6,6.62,21.6,52.6,60.8,Wheat
22.2,51.3,30.5,6.47,27.9,63.2,98.0,Groundnut
81.2,30.9,37.5,6.23,26.5,88.9,74.5,Maize
63.7,40.3,20.1,7.61,30.0,75.0,102.8,Cotton
59.2,22.6,31.7,6.96,28.2,58.8,52.9,Cotton
41.0,32.5,23.8,7.28,29.5,48.7,53.5,Cotton
132.9,80.1,75.4,6.88,35.0,64.0,161.2,Sugarcane
55.0,20.4,21.2,6.85,29.0,49.9,79.0,Cotton
52.3,43.5,20.2,6.6,25.3,38.9,61.1,Wheat
87.8,35.4,15.3,6.77,23.6,64.7,92.5,Maize
69.2,43.9,42.3,6.22,24.5,87.3,157.2,Rice
53.4,19.5,98.0,5.76,24.4,82.4,82.3,Coconut
34.4,49.0,27.7,6.31,26.4,70.5,59.3,Groundnut
53.4,29.0,54.3,5.75,26.1,84.6,37.3,Coconut
28.8,36.7,36.5,6.53,27.4,57.1,62.3,Groundnut
64.8,48.2,46.8,6.25,25.2,81.8,224.3,Rice
75.7,53.7,26.0,6.56,17.7,49.4,51.8,Wheat
85.2,40.6,32.8,5.65,24.5,82.1,198.2,Rice
42.5,44.7,70.9,6.18,29.1,87.1,184.7,Coconut
72.4,83.0,106.8,6.79,26.8,61.4,74.8,Banana
63.4,45.7,33.8,6.98,21.6,55.9,64.8,Wheat
72.6,50.3,97.2,6.18,30.6,86.0,210.6,Sugarcane
17.8,26.0,21.9,7.29,31.0,43.9,40.0,Millet
75.5,21.9,37.4,6.07,25.9,60.1,115.3,Maize
61.2,37.7,16.0,6.29,29.7,57.9,63.9,Cotton
89.1,87.5,91.7,6.41,29.5,78.6,93.1,Banana
15.8,37.8,28.7,6.57,25.1,68.7,39.4,Groundnut
62.7,40.1,51.6,6.23,23.0,78.4,177.6,Rice
52.9,22.7,31.2,7.83,31.1,46.6,67.8,Cotton
18.1,30.3,3.0,6.29,27.9,40.4,34.3,Millet
48.4,42.4,79.5,6.16,24.9,87.2,133.1,Coconut
84.3,23.1,28.5,5.64,28.6,73.8,86.2,Maize
27.6,34.4,22.9,6.71,27.2,74.7,68.5,Groundnut
50.6,39.3,36.8,5.57,25.1,84.3,228.3,Rice
112.0,78.0,80.2,6.31,26.7,73.9,167.5,Sugarcane
46.9,30.7,63.0,6.72,31.2,68.7,224.3,Coconut
75.3,42.4,22.9,6.98,26.9,71.8,89.2,Maize
15.6,25.9,27.2,6.59,29.1,70.5,19.2,Millet
53.2,33.0,90.3,5.96,26.9,85.2,79.1,Coconut
88.0,76.9,94.5,6.26,28.4,92.3,144.3,Banana
58.4,32.9,24.7,6.72,33.6,50.9,72.9,Cotton
65.8,18.8,25.9,6.98,26.8,71.7,76.6,Cotton
30.9,47.1,31.2,6.43,29.4,61.0,54.6,Groundnut
92.3,66.1,90.1,6.68,29.5,74.6,100.1,Banana
106.4,82.3,126.7,6.85,28.2,78.6,128.8,Banana
10.7,13.7,13.3,7.44,30.8,65.9,52.9,Millet
35.9,33.0,73.2,7.41,28.9,90.1,151.2,Coconut
114.4,82.4,102.2,6.74,26.2,78.3,143.5,Banana
65.5,31.5,27.5,6.19,18.9,55.0,53.4,Wheat
47.4,44.7,78.7,6.4,28.2,77.1,155.5,Coconut
138.8,74.3,83.1,6.1,27.5,79.7,162.8,Sugarcane
34.2,59.2,28.6,6.05,33.0,43.0,29.9,Groundnut
59.5,28.6,23.6,6.69,31.9,63.3,82.1,Cotton
29.0,51.0,30.0,6.38,29.0,61.6,47.5,Groundnut
109.1,48.5,49.7,6.48,35.6,74.4,146.8,Sugarcane
54.2,30.9,27.8,6.79,30.4,60.3,66.7,Cotton
54.0,38.7,40.9,7.12,33.3,60.6,77.5,Cotton
79.6,39.4,28.8,6.83,24.8,74.4,207.9,Rice
27.4,50.3,29.8,5.63,28.4,55.7,85.3,Groundnut
125.9,34.0,79.8,5.95,28.4,78.1,144.3,Sugarcane
68.0,50.3,40.5,6.1,22.2,87.9,174.1,Rice
13.6,7.3,14.8,6.49,38.6,33.1,0.0,Millet
25.0,18.9,19.1,7.63,32.8,40.2,55.8,Millet
35.1,23.8,30.9,7.26,29.9,47.6,75.3,Cotton
63.1,23.2,38.7,6.72,23.1,58.1,58.3,Wheat
59.5,33.7,31.3,7.41,29.2,41.0,14.9,Cotton
135.1,73.8,92.1,6.88,30.0,87.3,188.7,Sugarcane
91.3,41.3,40.7,5.86,24.9,92.1,217.0,Rice
89.2,50.5,38.4,6.23,22.8,79.7,257.8,Rice
28.2,52.8,49.9,6.42,22.7,62.6,93.9,Groundnut
24.5,24.1,21.7,7.34,32.1,62.3,50.4,Millet
49.7,32.8,48.1,6.0,27.4,81.4,124.0,Coconut
16.6,48.5,37.5,6.36,26.9,75.2,88.2,Groundnut
123.1,55.9,71.9,6.84,21.8,85.8,240.0,Sugarcane
82.1,71.8,82.1,6.04,22.2,82.2,152.0,Banana
48.1,35.6,29.5,6.8,28.9,77.6,48.3,Cotton
73.0,28.1,45.5,5.78,21.4,77.7,225.8,Rice
66.8,43.0,82.4,6.36,27.2,84.1,135.9,Coconut
83.1,44.7,31.7,5.74,26.6,86.2,159.2,Rice
16.7,15.6,22.7,5.35,32.6,49.3,60.7,Millet
85.1,33.2,92.6,5.85,26.8,85.6,225.2,Sugarcane
14.4,46.8,31.1,5.45,31.1,45.4,75.6,Groundnut
73.6,36.5,46.4,6.11,25.2,62.5,63.7,Maize
95.0,24.1,22.8,6.89,33.1,54.6,58.4,Cotton
52.4,36.7,25.8,7.11,16.8,55.0,82.1,Wheat
139.5,64.2,111.1,7.06,29.2,78.8,161.8,Sugarcane
43.4,44.3,31.8,7.01,27.8,52.4,56.3,Cotton
65.2,44.5,25.7,6.73,33.9,49.1,62.1,Cotton
13.9,57.1,39.5,6.11,27.8,60.6,35.3,Groundnut
117.4,66.2,62.2,5.88,31.3,99.6,91.0,Sugarcane
60.7,29.9,31.8,6.04,23.0,47.2,103.5,Maize
19.4,19.8,14.3,6.99,26.2,44.1,24.2,Millet
20.0,57.6,33.1,6.73,28.4,64.6,60.9,Groundnut
71.1,32.2,32.5,7.64,31.4,59.9,52.0,Cotton
111.5,76.4,64.4,7.09,28.8,71.9,172.7,Sugarcane
92.2,87.6,121.3,7.13,30.9,88.7,112.3,Banana
60.4,30.6,22.0,5.93,21.1,64.2,49.9,Wheat
61.8,36.9,34.3,7.07,29.4,55.5,56.8,Cotton
27.6,18.9,21.4,7.25,35.3,54.4,18.3,Millet
85.2,64.7,81.0,6.02,20.1,87.2,102.2,Sugarcane
60.2,43.1,30.6,5.61,23.5,82.7,136.9,Rice
61.4,49.0,43.7,5.89,25.4,81.2,226.1,Rice
70.1,34.0,28.0,6.75,27.8,61.9,65.9,Cotton
49.8,42.6,93.4,5.55,24.3,85.8,174.0,Coconut
87.3,22.3,34.9,6.82,27.1,53.6,64.1,Cotton
113.3,66.0,89.8,6.6,30.2,85.3,190.3,Sugarcane
67.1,30.5,31.9,6.78,23.6,71.9,98.9,Maize
12.0,19.6,21.3,6.45,32.6,49.0,59.4,Millet
64.5,29.2,50.3,7.74,27.5,68.5,45.8,Maize
33.2,43.0,22.5,5.99,28.2,56.3,65.3,Groundnut
59.0,40.1,49.7,5.91,26.5,78.3,285.7,Rice
86.9,80.1,117.3,6.44,30.9,71.4,135.9,Banana
58.3,51.6,31.1,7.31,17.4,62.9,32.6,Wheat
82.8,48.5,39.1,6.13,25.1,87.8,198.5,Rice
46.5,36.8,98.0,6.07,24.4,82.1,161.0,Coconut
9.0,52.8,27.6,6.35,31.5,54.6,45.6,Groundnut
64.1,39.5,38.0,7.02,24.2,49.3,73.6,Wheat
65.6,22.6,20.3,6.58,26.8,67.7,116.4,Maize
77.5,40.1,37.3,6.51,24.0,63.0,87.8,Maize
23.3,16.8,21.6,6.45,26.8,57.1,60.4,Millet
101.0,51.6,37.5,6.13,22.3,75.1,199.0,Rice
41.6,55.4,33.9,5.68,30.7,62.6,29.7,Groundnut
41.7,56.3,33.5,6.12,25.0,65.1,55.5,Groundnut
19.5,18.3,17.3,7.04,33.6,55.1,32.3,Millet
16.2,48.9,40.4,6.48,26.7,67.8,80.7,Groundnut
16.4,14.5,20.5,6.93,30.6,48.3,15.7,Millet
62.6,40.9,17.9,7.17,21.8,51.0,103.8,Cotton
44.4,18.2,50.6,6.93,28.0,56.4,74.0,Cotton
37.7,39.6,64.6,5.9,24.4,75.3,197.4,Coconut
60.2,30.6,25.5,7.44,30.0,51.0,79.0,Cotton
121.2,66.8,107.0,7.25,31.4,82.0,78.9,Banana
72.4,36.1,22.4,6.46,23.4,87.9,159.1,Rice
122.5,36.6,75.4,6.12,31.6,66.0,256.7,Sugarcane
20.3,13.4,24.4,7.62,34.1,39.7,37.4,Millet
70.3,50.9,95.7,5.21,24.8,79.8,211.4,Coconut
54.6,35.3,25.0,7.18,33.1,52.3,51.3,Cotton
66.2,34.0,27.9,7.26,25.4,34.6,56.5,Cotton
40.4,44.4,106.8,5.83,24.9,81.9,195.8,Coconut
33.4,66.3,31.5,6.03,25.8,56.5,55.8,Groundnut
92.7,47.0,109.2,6.39,28.9,66.9,145.6,Sugarcane
55.5,44.6,66.7,5.7,28.7,76.8,143.5,Coconut
60.2,33.3,22.6,6.7,32.2,43.2,36.9,Cotton
86.0,93.4,121.9,6.44,30.9,59.6,105.5,Banana
38.6,43.8,92.2,6.37,29.9,70.6,127.2,Coconut
104.4,58.5,97.7,6.75,25.0,80.1,204.3,Sugarcane
112.2,64.3,92.7,6.19,35.9,67.2,87.0,Banana
97.0,60.9,77.3,7.42,30.9,75.1,133.2,Banana
70.0,23.2,26.0,6.29,24.8,60.2,105.3,Maize
27.9,45.2,77.0,5.72,25.7,84.1,176.2,Coconut
15.7,21.6,20.9,7.03,32.5,45.9,48.6,Millet
29.5,55.1,42.0,6.82,31.0,58.6,68.5,Groundnut
77.9,76.5,110.0,7.25,27.4,74.5,75.6,Banana
14.8,17.5,17.2,5.74,30.1,61.9,25.6,Millet
35.2,25.6,24.7,7.16,29.8,55.7,44.6,Millet
80.9,7.6,24.7,6.35,23.9,89.7,283.0,Rice
120.9,75.4,82.9,6.74,24.4,85.0,166.2,Sugarcane
37.9,30.1,19.0,5.97,30.6,59.8,36.1,Groundnut
70.4,98.9,98.1,6.48,26.2,81.5,141.1,Banana
67.1,58.0,43.2,5.74,21.9,53.0,15.1,Wheat
96.9,54.0,75.5,6.6,22.3,57.5,189.0,Sugarcane
80.6,25.0,43.9,5.95,21.9,65.5,45.0,Maize
55.1,26.0,105.1,5.81,26.5,78.2,120.5,Coconut
89.6,84.0,120.5,6.13,24.0,65.6,149.9,Banana
28.6,53.7,17.1,6.27,27.8,57.6,78.4,Groundnut
72.4,30.6,31.9,6.95,31.2,51.8,127.0,Cotton
86.8,46.1,62.3,6.7,32.0,75.0,203.4,Sugarcane
77.0,43.7,36.8,7.06,27.0,72.3,102.3,Maize
116.1,61.2,86.2,6.16,21.7,77.1,226.5,Sugarcane
34.0,16.2,29.1,6.22,28.7,44.8,33.6,Millet
51.7,47.7,50.6,5.43,29.1,78.1,187.1,Coconut
124.5,60.0,67.4,6.51,29.4,86.6,146.5,Sugarcane
58.4,19.5,56.0,6.5,27.5,67.2,95.6,Maize
32.9,51.9,39.6,5.79,34.2,72.9,26.3,Groundnut
68.3,53.5,31.6,6.93,27.4,68.7,56.0,Cotton
123.7,55.4,91.5,6.49,27.2,87.9,194.5,Sugarcane
90.3,47.3,87.5,6.52,29.9,70.4,175.4,Sugarcane
87.6,48.6,36.7,6.99,27.0,62.3,82.1,Maize
69.6,32.7,35.1,6.35,25.3,60.1,95.6,Maize
41.6,35.2,51.2,6.25,24.4,60.0,129.1,Maize
38.1,43.5,39.6,6.29,26.6,52.5,63.2,Groundnut
51.9,49.4,63.5,5.46,29.7,84.4,198.1,Coconut
100.7,77.5,69.9,7.1,29.2,83.0,165.0,Banana
33.9,14.7,18.3,6.14,33.8,69.9,33.4,Millet
67.7,33.5,38.6,6.35,25.3,70.2,41.6,Maize
11.2,18.4,21.9,6.46,31.4,38.6,35.8,Millet
104.1,33.4,91.5,6.18,18.5,79.8,190.9,Sugarcane
40.3,35.9,66.3,5.53,30.2,68.4,159.8,Coconut
37.8,19.9,12.0,6.99,30.6,65.8,57.9,Cotton
40.2,30.6,87.8,6.19,28.8,79.4,57.2,Coconut
49.1,41.9,96.3,6.73,25.7,70.2,120.5,Coconut
127.3,71.3,66.5,5.37,30.2,82.7,141.1,Sugarcane
87.3,89.6,111.5,6.15,26.9,75.9,121.1,Banana
113.7,61.6,82.8,6.09,23.1,83.7,99.6,Banana
88.0,46.4,88.8,6.44,27.1,82.4,125.6,Sugarcane
124.6,106.6,114.4,6.85,30.3,87.0,81.9,Banana
48.2,77.4,26.9,6.47,19.6,53.1,92.1,Wheat
28.5,34.5,77.5,5.35,23.1,79.1,124.6,Coconut
64.4,43.4,33.0,5.97,20.3,57.7,48.1,Wheat
81.6,36.3,35.9,7.65,24.1,55.2,38.9,Cotton
72.5,46.3,41.5,6.02,26.4,83.2,153.7,Rice
23.8,55.4,47.3,5.87,30.8,60.6,75.9,Groundnut
131.8,43.3,86.3,6.79,32.1,74.6,188.4,Sugarcane
93.0,69.1,99.2,7.01,27.1,84.0,159.6,Banana
22.0,39.0,32.6,6.4,19.4,69.1,46.2,Groundnut
60.9,51.0,33.7,6.47,21.7,65.5,45.4,Wheat
61.7,47.1,38.5,5.43,21.7,87.4,179.9,Rice
50.1,55.7,18.9,6.28,18.4,43.0,59.9,Wheat
24.6,51.1,29.8,6.32,27.7,58.1,22.5,Groundnut
111.8,53.4,78.8,6.83,27.5,64.8,203.6,Sugarcane
96.5,70.2,146.8,6.34,25.6,77.3,158.1,Banana
107.2,85.3,103.7,6.35,27.7,87.0,123.9,Banana
93.3,75.5,92.7,6.0,27.5,73.9,115.0,Banana
67.7,12.9,105.0,6.1,26.3,80.7,103.1,Coconut
43.1,33.2,31.5,7.35,30.8,55.7,73.0,Cotton
58.0,36.7,35.3,5.68,24.4,84.5,188.8,Rice
60.6,27.1,31.5,5.86,23.4,56.7,78.6,Wheat
22.6,55.6,35.4,6.51,28.3,59.2,57.3,Groundnut
56.9,28.2,38.7,7.37,32.3,47.5,49.7,Cotton
65.1,52.9,22.2,6.52,18.6,54.1,23.7,Wheat
79.3,63.9,70.8,6.26,30.6,76.9,127.8,Sugarcane
21.5,15.7,23.7,6.5,27.4,54.9,42.5,Millet
64.7,23.7,30.8,6.16,21.6,42.8,17.8,Wheat
128.9,51.3,66.1,6.27,28.2,74.4,111.6,Banana
69.6,82.8,82.6,6.88,29.3,72.7,139.9,Banana
29.9,50.4,9.6,6.87,28.5,65.4,38.2,Groundnut
24.5,13.4,11.8,6.75,35.0,65.9,33.1,Millet
66.6,26.7,33.5,6.93,27.1,44.4,71.2,Cotton
22.7,18.6,14.9,7.09,28.4,48.5,29.4,Millet
58.5,25.2,27.8,6.46,36.1,50.1,57.3,Cotton
64.1,54.4,147.8,5.89,28.9,83.5,138.0,Banana
24.5,44.5,33.1,6.37,34.2,61.5,62.2,Groundnut
76.5,42.9,39.8,5.79,25.8,77.3,207.6,Rice
69.0,36.6,14.0,7.13,28.5,66.6,64.6,Cotton
100.5,75.1,52.7,6.27,22.9,66.8,167.6,Sugarcane
46.3,62.0,84.3,5.16,29.3,84.4,116.8,Coconut
92.8,63.9,71.2,6.65,27.3,65.0,170.4,Sugarcane
41.0,25.9,28.5,6.77,26.3,58.1,76.1,Cotton
50.6,39.8,30.3,7.03,12.9,52.6,64.9,Wheat
111.9,64.6,98.9,6.39,22.9,88.1,183.1,Sugarcane
65.1,32.4,69.8,6.04,27.0,74.1,153.5,Coconut
140.5,74.0,91.8,6.73,28.0,69.2,121.4,Sugarcane
80.1,57.7,38.9,6.15,26.8,78.8,177.2,Rice
72.5,43.0,36.7,6.05,33.5,50.5,62.2,Cotton
91.3,63.2,69.0,6.07,27.9,75.6,176.8,Sugarcane
68.9,46.5,18.6,6.8,12.5,65.2,65.1,Wheat
21.9,15.0,19.3,6.15,27.5,47.2,28.8,Millet
31.8,16.8,8.2,6.91,25.4,51.4,2.2,Millet
95.9,41.5,25.9,5.92,24.9,85.4,172.3,Rice
79.8,29.3,40.8,5.36,24.7,83.9,142.1,Rice
46.4,46.2,27.8,6.92,32.3,49.6,82.1,Cotton
94.7,58.5,119.3,6.36,32.1,77.2,113.1,Banana
33.0,38.1,31.3,6.14,28.6,62.8,57.4,Groundnut
66.2,61.3,55.0,6.07,27.1,85.4,180.7,Rice
85.6,54.5,47.9,6.12,24.7,80.8,215.1,Rice
120.1,77.6,114.8,6.44,30.0,84.5,131.4,Banana
27.6,53.3,28.6,5.98,27.1,58.2,47.1,Groundnut
17.1,10.2,24.2,7.71,30.0,61.0,34.5,Millet
66.2,26.3,31.3,7.68,29.5,54.0,92.8,Cotton
67.6,9.4,30.9,5.79,22.0,74.6,65.2,Maize
52.1,37.1,34.0,6.3,28.7,54.2,68.9,Maize
11.0,21.8,22.0,7.32,30.6,54.6,52.3,Millet
129.5,75.2,68.8,6.42,28.9,71.3,126.3,Sugarcane
33.5,25.0,19.6,7.18,26.5,34.5,16.2,Millet
65.3,57.5,40.4,7.37,22.4,55.7,59.2,Wheat
37.8,26.8,21.4,6.61,33.4,37.1,33.3,Millet
92.2,42.8,23.0,6.33,28.3,85.0,209.0,Rice
63.4,49.5,38.9,5.9,24.9,89.2,207.9,Rice
14.9,17.3,15.7,7.1,22.5,46.0,62.9,Millet
134.6,49.9,79.1,7.17,26.0,65.8,157.4,Sugarcane
81.5,40.7,50.6,5.41,23.9,81.9,224.5,Rice
28.8,28.7,75.8,5.98,27.0,74.7,212.1,Coconut
85.5,33.8,28.8,6.62,25.1,60.1,60.6,Wheat
75.0,84.7,97.1,6.72,27.2,85.7,134.7,Banana
69.1,40.2,90.3,6.07,24.5,78.1,151.5,Coconut
92.2,36.8,46.9,5.77,23.6,87.2,196.4,Rice
66.7,18.0,30.8,6.85,27.7,57.7,70.9,Cotton
54.1,49.6,53.1,5.96,29.9,87.7,196.2,Rice
24.8,33.1,37.4,6.22,29.5,61.3,47.8,Groundnut
91.1,35.5,31.8,6.0,24.3,84.1,148.8,Rice
32.5,22.8,21.2,7.94,36.3,55.2,40.2,Millet
58.8,33.1,41.9,6.66,28.1,61.1,83.1,Maize
26.9,43.4,28.8,6.43,29.5,61.6,70.2,Groundnut
55.1,35.2,25.5,6.78,29.4,65.9,35.7,Cotton
44.2,66.8,25.6,6.15,29.9,62.7,37.1,Groundnut
49.6,65.5,104.6,6.06,23.7,71.5,83.7,Banana
44.7,50.7,21.0,7.15,28.4,55.4,61.7,Cotton
69.8,50.8,48.6,5.44,24.5,82.5,149.9,Rice
94.0,68.3,152.8,6.54,25.0,62.1,99.1,Banana
117.1,47.0,35.2,6.25,28.5,65.0,40.9,Maize
61.8,34.8,33.8,6.69,29.5,48.5,67.7,Cotton
104.5,45.7,78.4,6.78,27.6,57.2,177.7,Sugarcane
107.9,57.4,85.3,7.14,27.8,79.5,191.0,Sugarcane
61.9,62.6,28.8,6.07,21.7,67.6,106.8,Maize
103.5,63.4,94.1,6.71,28.2,66.8,180.4,Sugarcane
7.8,56.1,24.6,6.12,25.5,65.4,55.7,Groundnut
106.3,68.3,70.0,6.56,28.6,73.2,133.8,Sugarcane
41.5,24.5,20.9,7.03,30.1,55.7,0.0,Millet
13.2,31.1,22.7,5.98,34.1,36.1,42.1,Millet
78.2,18.9,39.4,6.45,25.5,64.9,96.3,Maize
54.9,28.6,36.4,6.49,24.8,59.2,62.9,Cotton
70.1,75.0,144.0,6.49,32.0,76.9,78.5,Banana
31.8,28.5,28.0,5.75,35.8,64.4,59.7,Groundnut
1.8,53.1,30.0,5.71,31.4,63.9,61.5,Groundnut
2.2,63.9,37.9,6.63,33.3,59.1,58.3,Groundnut
68.8,43.4,15.7,6.46,19.3,52.0,66.2,Wheat
131.7,59.2,86.4,6.54,26.4,94.1,178.2,Sugarcane
23.7,22.9,27.6,7.23,32.3,47.6,63.5,Millet
125.5,49.9,104.5,6.51,30.1,74.0,178.4,Sugarcane
23.9,16.4,16.7,6.07,35.0,58.4,45.2,Millet
53.9,27.5,26.8,7.21,29.7,53.3,60.2,Cotton
49.8,25.7,33.0,7.04,31.2,55.7,40.3,Cotton
86.1,35.2,46.2,5.84,26.2,79.1,215.7,Rice
48.6,50.8,39.4,6.37,20.0,46.2,65.4,Wheat
84.1,42.2,44.2,6.99,20.2,75.2,67.9,Maize
77.9,43.5,34.4,6.38,23.2,75.2,184.3,Rice
48.7,27.3,85.2,6.06,27.2,78.4,190.9,Coconut
49.3,37.5,67.0,5.85,28.4,83.8,89.0,Coconut
64.2,62.0,32.2,6.59,16.7,53.9,71.9,Wheat
60.6,49.6,101.4,5.43,29.7,80.2,155.7,Coconut
76.7,32.7,31.6,6.26,26.4,75.3,231.4,Rice
16.7,48.7,18.1,6.44,30.1,58.1,68.8,Groundnut
92.3,37.8,49.8,5.7,23.0,84.8,217.6,Rice
45.6,43.7,85.0,5.65,27.9,76.7,133.3,Coconut
59.9,20.9,37.2,7.56,25.6,48.6,44.2,Cotton
15.1,9.1,8.3,7.25,26.7,46.1,38.4,Millet
23.6,28.3,10.7,7.46,27.8,51.8,45.0,Millet
19.7,24.1,20.4,6.28,27.3,69.7,41.5,Millet
67.6,37.6,93.4,5.5,28.9,71.2,147.1,Coconut
80.9,26.0,49.2,6.31,23.7,54.4,83.6,Maize
94.5,38.9,44.9,5.55,27.3,85.4,118.3,Rice
73.3,30.5,39.9,6.06,21.2,72.4,73.4,Maize
107.6,84.3,82.1,6.02,27.4,78.5,92.7,Banana
82.8,38.8,24.6,6.39,19.0,57.5,27.5,Wheat
71.3,22.8,39.7,6.77,26.8,61.7,87.9,Maize
61.6,26.7,16.9,6.75,30.2,63.1,76.4,Cotton
36.0,50.8,26.1,5.98,23.7,58.6,76.2,Groundnut
51.3,31.8,48.1,6.09,22.7,81.5,263.1,Rice
47.5,26.8,55.9,6.71,26.8,62.6,101.4,Maize
55.7,48.2,26.4,6.21,23.2,55.1,75.0,Wheat
57.7,46.1,21.7,5.82,25.9,47.4,113.5,Maize
68.4,25.6,40.9,6.5,27.5,76.5,79.8,Maize
14.6,40.2,30.2,7.02,25.0,52.0,53.8,Groundnut
100.7,93.8,105.0,6.45,31.6,87.9,85.9,Banana
102.0,31.1,41.0,5.89,23.4,85.5,242.9,Rice
107.4,64.2,78.5,6.24,30.2,71.0,133.7,Sugarcane
49.8,35.6,14.9,6.12,30.3,54.2,75.2,Cotton
19.6,21.9,10.9,6.41,33.3,32.2,55.6,Millet
61.0,17.8,44.7,6.17,28.4,80.6,178.5,Coconut
21.7,27.3,18.9,6.32,33.3,57.0,49.4,Millet
128.8,73.7,108.9,5.99,28.4,87.7,117.1,Banana
26.0,40.8,25.2,6.2,26.0,69.3,25.0,Groundnut
50.0,50.0,20.6,6.88,18.7,48.0,92.4,Wheat
64.0,87.9,130.0,6.68,21.4,76.1,89.9,Banana
36.3,28.6,29.6,6.36,15.4,62.7,54.9,Wheat
44.4,41.2,62.5,5.82,29.3,87.1,171.1,Coconut
119.1,70.2,95.3,7.06,28.3,69.1,176.3,Sugarcane
58.4,26.9,85.0,5.29,26.1,74.4,128.6,Coconut
23.4,67.5,34.8,6.21,26.4,57.9,77.9,Groundnut
58.9,32.2,30.5,7.44,28.1,55.1,45.4,Cotton
33.2,58.2,44.2,6.68,23.5,69.6,77.5,Coconut
133.6,72.6,99.7,6.54,26.0,79.0,234.1,Sugarcane
26.5,28.8,14.9,6.42,26.8,48.5,58.9,Millet
123.8,82.2,65.2,5.92,27.4,73.4,216.9,Sugarcane
56.4,55.3,38.0,5.94,19.8,59.6,24.1,Wheat
85.0,45.2,43.2,6.02,25.4,88.3,222.8,Rice
34.7,25.3,30.4,6.3,26.4,44.5,66.4,Millet
43.5,55.0,26.8,7.24,27.5,50.1,7.2,Wheat
61.9,93.4,117.3,6.94,26.1,83.5,79.6,Banana
59.8,33.3,31.7,6.99,30.0,62.6,60.4,Cotton
19.9,39.1,46.1,5.91,26.1,54.8,53.8,Groundnut
76.6,31.8,46.0,5.08,25.9,79.2,158.9,Rice
68.4,32.0,36.5,6.18,23.2,57.7,105.8,Maize
22.4,27.8,18.8,6.96,31.7,46.0,1.7,Millet
31.2,51.8,24.7,6.42,27.9,70.5,31.9,Groundnut
66.1,32.4,36.0,6.85,24.9,62.8,61.6,Maize
59.8,36.1,87.6,5.53,28.0,87.3,168.1,Coconut
24.7,43.1,39.8,6.88,24.2,56.2,62.9,Groundnut
73.2,40.5,36.0,7.11,28.6,63.5,80.1,Maize
36.5,33.3,30.2,7.3,27.8,43.0,76.8,Cotton
18.8,16.5,18.7,6.2,35.7,50.8,19.1,Millet
12.6,24.7,30.2,7.16,31.3,63.5,11.5,Millet
79.7,12.0,22.1,7.17,28.1,67.0,98.3,Maize
63.9,33.4,30.3,6.44,34.0,62.5,45.5,Cotton
86.5,31.7,32.7,6.26,28.4,81.5,80.4,Maize
117.9,62.7,105.8,6.27,27.8,77.4,107.3,Sugarcane
56.7,41.1,28.2,6.14,25.4,94.6,189.7,Rice
98.5,68.2,83.3,6.22,25.9,86.3,142.5,Sugarcane
90.6,75.4,120.4,6.15,26.9,69.7,149.1,Banana
84.9,41.9,58.8,5.85,24.3,77.0,235.1,Rice
43.4,44.7,19.0,6.37,27.7,52.3,62.6,Maize
19.4,19.3,27.0,6.61,29.0,56.8,32.0,Millet
66.4,25.6,57.6,6.67,21.6,78.0,177.1,Rice
107.2,55.2,119.1,6.31,27.4,70.6,63.0,Banana
